name,assignment,length,begin,end,species,species-score,type,type support,subtype,subtype support
MT636065,2,10272,108,10379,Zika virus,99.5049,Asian,100.0,,
MT483911,2,10272,108,10379,Zika virus,99.5432,Asian,100.0,,
MT507050,2,10272,108,10379,Zika virus,99.4329,Asian,100.0,,
MT507049,2,10272,108,10379,Zika virus,99.4329,Asian,100.0,,
MT507048,2,10272,108,10379,Zika virus,99.4802,Asian,100.0,,
MT507047,2,10272,108,10379,Zika virus,99.4712,Asian,100.0,,
MT078742,2,10269,108,10376,Zika virus,99.4891,Asian,100.0,,
MK269361,2,9997,108,10104,Zika virus,98.6931,Asian,100.0,,
MK269359,2,10272,108,10379,Zika virus,99.5589,Asian,100.0,,
MK269358,2,9807,573,10379,Zika virus,91.1725,Asian,100.0,,
MK269355,2,10045,108,10152,Zika virus,93.5022,Asian,100.0,,
MK269354,2,10272,108,10379,Zika virus,96.6131,Asian,100.0,,
MK216748,2,9366,108,9473,Zika virus,99.0199,Asian,100.0,,
MK216747,2,9366,108,9473,Zika virus,99.3357,Asian,100.0,,
MK216745,2,10272,108,10379,Zika virus,99.4461,Asian,100.0,,
MK216744,2,9904,108,10011,Zika virus,99.5087,Asian,100.0,,
MK216743,2,10272,108,10379,Zika virus,95.3261,Asian,100.0,,
MK216742,2,10272,108,10379,Zika virus,98.8934,Asian,100.0,,
MK216741,2,10272,108,10379,Zika virus,99.4532,Asian,100.0,,
MK216740,2,8766,108,8873,Zika virus,99.2293,Asian,100.0,,
MK216738,2,9648,108,9755,Zika virus,99.28,Asian,100.0,,
MK216737,2,8801,384,9184,Zika virus,97.7485,Asian,100.0,,
MK216736,2,9077,108,9184,Zika virus,98.2719,Asian,100.0,,
MK216734,2,8766,108,8873,Zika virus,80.2146,Asian,100.0,,
MK216733,2,9366,108,9473,Zika virus,99.5182,Asian,100.0,,
MK216732,2,9366,108,9473,Zika virus,99.2636,Asian,100.0,,
MK216731,2,8766,108,8873,Zika virus,98.2836,Asian,100.0,,
MK216730,2,9366,108,9473,Zika virus,99.1527,Asian,100.0,,
MK216729,2,9366,108,9473,Zika virus,99.4906,Asian,100.0,,
MK216728,2,9366,108,9473,Zika virus,99.343,Asian,100.0,,
MK216727,2,10272,108,10379,Zika virus,97.6662,Asian,100.0,,
MK216726,2,10214,108,10321,Zika virus,99.4417,Asian,100.0,,
MK216725,2,8801,384,9184,Zika virus,99.5208,Asian,100.0,,
MK216724,2,8766,108,8873,Zika virus,99.4167,Asian,100.0,,
MK216723,2,9366,108,9473,Zika virus,99.2761,Asian,100.0,,
MK216722,2,9648,108,9755,Zika virus,99.4459,Asian,100.0,,
MK216721,2,9648,108,9755,Zika virus,99.548,Asian,100.0,,
MK216720,2,9648,108,9755,Zika virus,99.3559,Asian,100.0,,
MK216719,2,9648,108,9755,Zika virus,98.0506,Asian,100.0,,
MK216718,2,9648,108,9755,Zika virus,99.3358,Asian,100.0,,
MK216717,2,9648,108,9755,Zika virus,99.3807,Asian,100.0,,
MK216716,2,9648,108,9755,Zika virus,99.4755,Asian,100.0,,
MK216715,2,9648,108,9755,Zika virus,99.4207,Asian,100.0,,
MK216714,2,9648,108,9755,Zika virus,99.3882,Asian,100.0,,
MK216713,2,10272,108,10379,Zika virus,99.487,Asian,100.0,,
MK216712,2,9366,108,9473,Zika virus,99.1303,Asian,100.0,,
MK216711,2,9366,108,9473,Zika virus,95.7068,Asian,100.0,,
MK216710,2,10272,108,10379,Zika virus,98.9185,Asian,100.0,,
MK216709,2,9648,108,9755,Zika virus,98.0469,Asian,100.0,,
MK216708,2,9366,108,9473,Zika virus,99.6014,Asian,100.0,,
MK216707,2,9366,108,9473,Zika virus,99.404,Asian,100.0,,
MK216706,2,9366,108,9473,Zika virus,99.3015,Asian,100.0,,
MK216705,2,9366,108,9473,Zika virus,99.3243,Asian,100.0,,
MK216704,2,8766,108,8873,Zika virus,99.0576,Asian,100.0,,
MK216703,2,9648,108,9755,Zika virus,98.4723,Asian,100.0,,
MK216699,2,10272,108,10379,Zika virus,99.4057,Asian,100.0,,
MK216698,2,10272,108,10379,Zika virus,98.7472,Asian,100.0,,
MK216697,2,10272,108,10379,Zika virus,99.1214,Asian,100.0,,
MK216696,2,10272,108,10379,Zika virus,98.6218,Asian,100.0,,
MK216695,2,10272,108,10379,Zika virus,99.5154,Asian,100.0,,
MK216694,2,8766,108,8873,Zika virus,99.2511,Asian,100.0,,
MK216693,2,9648,108,9755,Zika virus,98.4923,Asian,100.0,,
MK216692,2,10272,108,10379,Zika virus,98.7983,Asian,100.0,,
MK216691,2,9648,108,9755,Zika virus,98.7143,Asian,100.0,,
MK216690,2,10272,108,10379,Zika virus,99.2947,Asian,100.0,,
MK216688,2,10272,108,10379,Zika virus,98.0891,Asian,100.0,,
MK216687,2,10272,108,10379,Zika virus,98.8607,Asian,100.0,,
MK241417,2,10272,108,10379,Zika virus,99.5499,Asian,100.0,,
MK241416,2,10272,108,10379,Zika virus,99.5679,Asian,100.0,,
MK241415,2,10272,108,10379,Zika virus,99.5522,Asian,100.0,,
MN611472,2,10272,108,10379,Zika virus,98.8636,Asian,100.0,,
MN577544,2,10272,108,10379,Zika virus,99.0099,Asian,100.0,,
MN577543,2,10272,108,10379,Zika virus,99.3902,Asian,100.0,,
MN566108,2,10272,108,10379,Zika virus,99.5972,Asian,100.0,,
MN566107,2,10272,108,10379,Zika virus,99.5972,Asian,100.0,,
MN566106,2,10272,108,10379,Zika virus,99.5882,Asian,100.0,,
MN566105,2,10272,108,10379,Zika virus,99.5972,Asian,100.0,,
MN566104,2,10272,108,10379,Zika virus,99.5972,Asian,100.0,,
MN577550,2,10272,108,10379,Zika virus,99.5229,Asian,100.0,,
MN473454,2,10272,108,10379,Zika virus,99.4194,Asian,100.0,,
MN473453,2,10272,108,10379,Zika virus,99.4542,Asian,100.0,,
MN473452,2,10272,108,10379,Zika virus,99.4599,Asian,100.0,,
MN473451,2,10272,108,10379,Zika virus,99.3767,Asian,100.0,,
MN473450,2,9746,360,10105,Zika virus,99.2777,Asian,100.0,,
MK829154,2,10272,108,10379,Zika virus,99.3339,Asian,100.0,,
MK829153,2,9996,384,10379,Zika virus,97.9732,Asian,100.0,,
MK829152,2,10155,225,10379,Zika virus,92.1839,Asian,100.0,,
MN124091,2,10272,108,10379,Zika virus,99.4374,Asian,100.0,,
MN124090,2,10272,108,10379,Zika virus,99.5184,Asian,100.0,,
MN100039,2,10272,108,10379,Zika virus,99.4914,Asian,100.0,,
MK560179,2,10269,108,10376,Zika virus,99.4963,Asian,100.0,,
MK560178,2,10269,108,10376,Zika virus,99.4681,Asian,100.0,,
MK269360,2,10272,108,10379,Zika virus,99.5297,Asian,100.0,,
MK269357,2,10272,108,10379,Zika virus,99.2661,Asian,100.0,,
MK269356,2,9648,108,9755,Zika virus,95.7897,Asian,100.0,,
MK269353,2,10269,108,10379,Zika virus,98.0677,Asian,100.0,,
MH063265,2,10272,108,10379,Zika virus,99.3885,Asian,100.0,,
MH063264,2,10272,108,10379,Zika virus,99.4374,Asian,100.0,,
MH063263,2,10019,108,10126,Zika virus,99.3078,Asian,100.0,,
MH063262,2,10272,108,10379,Zika virus,99.5229,Asian,100.0,,
MH063261,2,10272,108,10379,Zika virus,99.4553,Asian,100.0,,
MH063260,2,10272,108,10379,Zika virus,99.0061,Asian,100.0,,
MF159531,2,10272,108,10379,Zika virus,99.5409,Asian,100.0,,
MN190155,2,10272,108,10379,Zika virus,98.4338,Asian,100.0,,
MN171421,2,10203,177,10379,Zika virus,99.0161,Asian,100.0,,
MK028862,2,9809,108,10258,Zika virus,98.027,Asian,100.0,,
MK028861,2,10188,108,10379,Zika virus,99.5145,Asian,100.0,,
MK028859,2,10272,108,10379,Zika virus,99.4982,Asian,100.0,,
MK028858,2,10272,108,10379,Zika virus,99.5252,Asian,100.0,,
MK028857,2,10272,108,10379,Zika virus,99.4982,Asian,100.0,,
MH675630,2,10272,108,10379,Zika virus,99.4802,Asian,100.0,,
MH675629,2,10272,108,10379,Zika virus,99.4059,Asian,100.0,,
MH675628,2,10272,108,10379,Zika virus,99.2394,Asian,100.0,,
MH675627,2,10272,108,10379,Zika virus,99.4554,Asian,100.0,,
MH675626,2,10272,108,10379,Zika virus,99.4037,Asian,100.0,,
MH675625,2,10272,108,10379,Zika virus,99.3677,Asian,100.0,,
MH675624,2,10272,108,10379,Zika virus,99.5229,Asian,100.0,,
MH675623,2,10272,108,10379,Zika virus,99.4284,Asian,100.0,,
MH675622,2,10272,108,10379,Zika virus,99.4712,Asian,100.0,,
MH675621,2,10272,108,10379,Zika virus,99.4959,Asian,100.0,,
MH675620,2,10272,108,10379,Zika virus,99.4937,Asian,100.0,,
MH675619,2,10272,108,10379,Zika virus,99.3452,Asian,100.0,,
MN025403,1,10272,108,10379,Zika virus,87.9565,African,100.0,,
KX051563,2,10272,108,10379,Zika virus,99.7255,Asian,100.0,,
MK713748,2,10272,108,10379,Zika virus,99.5342,Asian,100.0,,
MG976700,2,10260,120,10379,Zika virus,99.6418,Asian,100.0,,
MK238039,2,9801,579,10379,Zika virus,97.7173,Asian,100.0,,
MK238038,2,10272,108,10379,Zika virus,98.243,Asian,100.0,,
MK238037,2,10272,108,10379,Zika virus,98.4901,Asian,100.0,,
MK238036,2,10032,348,10379,Zika virus,97.9422,Asian,100.0,,
MK238035,2,10272,108,10379,Zika virus,98.4575,Asian,100.0,,
MH882548,2,10272,108,10379,Zika virus,99.5477,Asian,100.0,,
MH882547,2,10272,108,10379,Zika virus,99.5477,Asian,100.0,,
MH882546,2,10272,108,10379,Zika virus,99.5477,Asian,100.0,,
MH882545,2,10272,108,10379,Zika virus,99.5477,Asian,100.0,,
MH882544,2,10272,108,10379,Zika virus,99.5567,Asian,100.0,,
MH882543,2,10272,108,10379,Zika virus,99.5477,Asian,100.0,,
MH882542,2,10272,108,10379,Zika virus,99.6242,Asian,100.0,,
MH882541,2,10272,108,10379,Zika virus,99.6422,Asian,100.0,,
MH882540,2,10272,108,10379,Zika virus,99.5859,Asian,100.0,,
MH882539,2,10272,108,10379,Zika virus,99.595,Asian,100.0,,
MH882538,2,10272,108,10379,Zika virus,99.595,Asian,100.0,,
MH882537,2,10230,108,10337,Zika virus,98.5061,Asian,100.0,,
MH882536,2,10272,108,10379,Zika virus,99.604,Asian,100.0,,
MH882535,2,10272,108,10379,Zika virus,99.6422,Asian,100.0,,
MH882534,2,10272,108,10379,Zika virus,99.604,Asian,100.0,,
MH882533,2,10272,108,10379,Zika virus,99.613,Asian,100.0,,
MH882532,2,10272,108,10379,Zika virus,99.604,Asian,100.0,,
MH882531,2,10272,108,10379,Zika virus,99.604,Asian,100.0,,
MH882530,2,10272,108,10379,Zika virus,99.613,Asian,100.0,,
MH882529,2,10272,108,10379,Zika virus,99.6512,Asian,100.0,,
MH882528,2,10272,108,10379,Zika virus,99.6512,Asian,100.0,,
MH882527,2,10272,108,10379,Zika virus,99.6512,Asian,100.0,,
MK049252,2,10272,108,10379,Zika virus,99.7288,Asian,100.0,,
MK049251,2,10020,360,10379,Zika virus,99.4045,Asian,100.0,,
MK049250,2,10020,360,10379,Zika virus,99.5556,Asian,100.0,,
MK049249,2,10272,108,10379,Zika virus,99.6449,Asian,100.0,,
MK049248,2,10272,108,10379,Zika virus,99.5859,Asian,100.0,,
MK049246,2,10272,108,10379,Zika virus,99.5464,Asian,100.0,,
MK049245,2,10272,108,10379,Zika virus,99.551,Asian,100.0,,
MH513600,2,10272,108,10379,Zika virus,99.5904,Asian,100.0,,
MH513599,2,10272,108,10379,Zika virus,99.7187,Asian,100.0,,
MH513598,2,10272,108,10379,Zika virus,99.64,Asian,100.0,,
MH763833,2,10272,108,10379,Zika virus,99.2078,Asian,100.0,,
MH763832,2,10272,108,10379,Zika virus,98.0593,Asian,100.0,,
MH013290,2,10272,108,10379,Zika virus,98.8389,Asian,100.0,,
MG807647,2,10272,108,10379,Zika virus,98.8591,Asian,100.0,,
MG807646,2,10272,108,10379,Zika virus,98.8816,Asian,100.0,,
MG548661,2,10272,108,10379,Zika virus,98.9041,Asian,100.0,,
MG548660,2,10272,108,10379,Zika virus,98.8974,Asian,100.0,,
MF996804,2,10272,108,10379,Zika virus,98.9469,Asian,100.0,,
KY379148,2,10272,108,10379,Zika virus,99.4937,Asian,100.0,,
MF073359,2,10272,108,10379,Zika virus,99.6895,Asian,100.0,,
MF073358,2,10272,108,10379,Zika virus,99.64,Asian,100.0,,
MF073357,2,10272,108,10379,Zika virus,99.5589,Asian,100.0,,
MH255601,2,10272,108,10379,Zika virus,99.0886,Asian,100.0,,
MH158237,2,10272,108,10379,Zika virus,99.4914,Asian,100.0,,
MH158236,2,10272,108,10379,Zika virus,98.2425,Asian,100.0,,
MH157213,2,10272,108,10379,Zika virus,99.4982,Asian,100.0,,
MH157208,2,10272,108,10379,Zika virus,99.4352,Asian,100.0,,
MH157202,2,10272,108,10379,Zika virus,99.5342,Asian,100.0,,
KX893855,2,10272,108,10379,Zika virus,99.4554,Asian,100.0,,
KX702400,2,10272,108,10379,Zika virus,99.4959,Asian,100.0,,
MH119185,2,10272,108,10379,Zika virus,98.3843,Asian,100.0,,
MH063259,2,10272,108,10379,Zika virus,98.4505,Asian,100.0,,
LC369584,2,10272,108,10379,Zika virus,98.8951,Asian,100.0,,
MG827392,2,10272,108,10379,Zika virus,99.6962,Asian,100.0,,
KY441403,2,10272,108,10379,Zika virus,99.5612,Asian,100.0,,
KY441402,2,10272,108,10379,Zika virus,99.6265,Asian,100.0,,
KY441401,2,10272,108,10379,Zika virus,99.5162,Asian,100.0,,
MF988734,2,10272,108,10379,Zika virus,99.5049,Asian,100.0,,
MG674719,2,10251,108,10379,Zika virus,99.3746,Asian,100.0,,
MG674718,2,10272,108,10379,Zika virus,99.3767,Asian,100.0,,
MG645981,2,10272,108,10379,Zika virus,98.3956,Asian,100.0,,
MG595216,2,10272,108,10379,Zika virus,99.4712,Asian,100.0,,
KY120353,2,10272,108,10379,Zika virus,97.5134,Asian,100.0,,
KY120352,2,10272,108,10379,Zika virus,99.6197,Asian,100.0,,
MG494697,2,10272,108,10379,Zika virus,99.3114,Asian,100.0,,
KY766069,2,10272,108,10379,Zika virus,99.6962,Asian,100.0,,
KU729218,2,10272,108,10379,Zika virus,99.6085,Asian,100.0,,
LC219720,2,10272,108,10379,Zika virus,98.8861,Asian,100.0,,
KX447521,2,9274,108,9381,Zika virus,99.6034,Asian,100.0,,
KX447520,2,9641,108,9748,Zika virus,99.5429,Asian,100.0,,
KX447519,2,9058,108,9165,Zika virus,99.7163,Asian,100.0,,
KX447518,2,9062,108,9169,Zika virus,99.7056,Asian,100.0,,
KX447517,2,10272,108,10379,Zika virus,99.5567,Asian,100.0,,
KX447516,2,10272,108,10379,Zika virus,99.6242,Asian,100.0,,
KX447515,2,10272,108,10379,Zika virus,99.6287,Asian,100.0,,
KX447514,2,10272,108,10379,Zika virus,99.6445,Asian,100.0,,
KX447513,2,10272,108,10379,Zika virus,99.658,Asian,100.0,,
KX447512,2,10272,108,10379,Zika virus,99.6872,Asian,100.0,,
KX447511,2,10272,108,10379,Zika virus,99.64,Asian,100.0,,
KX447510,2,10272,108,10379,Zika virus,99.7052,Asian,100.0,,
KX447509,2,10272,108,10379,Zika virus,99.6782,Asian,100.0,,
LC331561,2,10272,108,10379,Zika virus,99.3879,Asian,100.0,,
KX280026,2,10272,108,10379,Zika virus,99.7187,Asian,100.0,,
MF801426,2,10272,108,10379,Zika virus,99.5319,Asian,100.0,,
MF801425,2,10048,234,10281,Zika virus,97.6237,Asian,100.0,,
MF801424,2,9592,591,10182,Zika virus,92.5909,Asian,100.0,,
MF801423,2,10272,108,10379,Zika virus,98.0262,Asian,100.0,,
MF801422,2,9898,474,10371,Zika virus,94.8055,Asian,100.0,,
MF801421,2,9751,492,10242,Zika virus,77.4042,Asian,100.0,,
MF801420,2,10272,108,10379,Zika virus,94.0881,Asian,100.0,,
MF801419,2,10020,348,10367,Zika virus,97.8675,Asian,100.0,,
MF801418,2,10272,108,10379,Zika virus,99.5049,Asian,100.0,,
MF801417,2,10272,108,10379,Zika virus,99.4757,Asian,100.0,,
MF801416,2,9837,543,10379,Zika virus,98.883,Asian,100.0,,
MF801415,2,10215,165,10379,Zika virus,96.2056,Asian,100.0,,
MF801414,2,10272,108,10379,Zika virus,99.3564,Asian,100.0,,
MF801413,2,10272,108,10379,Zika virus,99.4419,Asian,100.0,,
MF801412,2,10272,108,10379,Zika virus,99.5049,Asian,100.0,,
MF801411,2,9945,435,10379,Zika virus,98.0395,Asian,100.0,,
MF801410,2,10272,108,10379,Zika virus,99.4869,Asian,100.0,,
MF801409,2,10272,108,10379,Zika virus,99.4254,Asian,100.0,,
MF801408,2,10272,108,10379,Zika virus,98.1624,Asian,100.0,,
MF801407,2,10272,108,10375,Zika virus,90.8943,Asian,100.0,,
MF801406,2,10272,108,10379,Zika virus,99.4779,Asian,100.0,,
MF801405,2,9755,621,10375,Zika virus,97.0375,Asian,100.0,,
MF801404,2,10272,108,10379,Zika virus,96.3685,Asian,100.0,,
MF801403,2,10272,108,10379,Zika virus,99.4982,Asian,100.0,,
MF801402,2,10272,108,10379,Zika virus,99.5364,Asian,100.0,,
MF801401,2,10212,168,10379,Zika virus,99.3712,Asian,100.0,,
MF801400,2,10026,354,10379,Zika virus,97.4548,Asian,100.0,,
MF801399,2,10011,369,10379,Zika virus,94.3833,Asian,100.0,,
MF801398,2,10272,108,10379,Zika virus,99.5004,Asian,100.0,,
MF801397,2,10188,192,10379,Zika virus,98.9362,Asian,100.0,,
MF801396,2,10272,108,10379,Zika virus,99.0481,Asian,100.0,,
MF801395,2,10272,108,10379,Zika virus,99.5477,Asian,100.0,,
MF801394,2,9882,498,10379,Zika virus,99.1359,Asian,100.0,,
MF801393,2,10044,336,10379,Zika virus,98.9385,Asian,100.0,,
MF801392,2,9444,936,10379,Zika virus,98.0321,Asian,100.0,,
MF801391,2,10272,108,10379,Zika virus,99.2159,Asian,100.0,,
MF801390,2,10045,186,10230,Zika virus,98.6382,Asian,100.0,,
MF801389,2,10272,108,10379,Zika virus,98.7083,Asian,100.0,,
MF801388,2,9852,501,10352,Zika virus,98.6268,Asian,100.0,,
MF801387,2,10272,108,10379,Zika virus,99.5274,Asian,100.0,,
MF801386,2,10170,210,10379,Zika virus,99.4686,Asian,100.0,,
MF801385,2,10098,282,10379,Zika virus,98.477,Asian,100.0,,
MF801384,2,10272,108,10379,Zika virus,99.5266,Asian,100.0,,
MF801383,2,10242,138,10379,Zika virus,98.5751,Asian,100.0,,
MF801382,2,9978,402,10379,Zika virus,95.4207,Asian,100.0,,
MF801381,2,10272,108,10379,Zika virus,99.4892,Asian,100.0,,
MF801380,2,10218,162,10379,Zika virus,93.8027,Asian,100.0,,
MF801379,2,9725,489,10213,Zika virus,92.6391,Asian,100.0,,
MF801378,2,10272,108,10379,Zika virus,99.4689,Asian,100.0,,
MF801377,2,10086,294,10379,Zika virus,98.5446,Asian,100.0,,
KX906952,2,10272,108,10379,Zika virus,99.5522,Asian,100.0,,
LC191864,2,10272,108,10379,Zika virus,99.2529,Asian,100.0,,
MF794971,2,10272,108,10379,Zika virus,99.6737,Asian,100.0,,
MF692778,2,10272,108,10379,Zika virus,98.8974,Asian,100.0,,
MF664436,2,10272,108,10379,Zika virus,99.5027,Asian,100.0,,
KX879604,2,10272,108,10379,Zika virus,99.6737,Asian,100.0,,
KX879603,2,10272,108,10379,Zika virus,99.6557,Asian,100.0,,
MF593625,2,10272,108,10379,Zika virus,99.4914,Asian,100.0,,
MF574588,2,10272,108,10379,Zika virus,99.5454,Asian,100.0,,
MF574587,2,10272,108,10379,Zika virus,99.5432,Asian,100.0,,
MF574586,2,10272,108,10379,Zika virus,99.5454,Asian,100.0,,
MF574585,2,10272,108,10379,Zika virus,99.5229,Asian,100.0,,
MF574584,2,10272,108,10379,Zika virus,99.5454,Asian,100.0,,
MF574583,2,10272,108,10379,Zika virus,99.5454,Asian,100.0,,
MF574582,2,10272,108,10379,Zika virus,99.5454,Asian,100.0,,
MF574581,2,10272,108,10379,Zika virus,99.5454,Asian,100.0,,
MF574580,2,10272,108,10379,Zika virus,99.5454,Asian,100.0,,
MF574579,2,10272,108,10379,Zika virus,99.5342,Asian,100.0,,
MF574578,2,10272,108,10379,Zika virus,99.5139,Asian,100.0,,
MF574577,2,10272,108,10379,Zika virus,99.5454,Asian,100.0,,
MF574576,2,10272,108,10379,Zika virus,99.4712,Asian,100.0,,
MF574575,2,10272,108,10379,Zika virus,99.4487,Asian,100.0,,
MF574574,2,10272,108,10379,Zika virus,99.5454,Asian,100.0,,
MF574573,2,10272,108,10379,Zika virus,99.5072,Asian,100.0,,
MF574572,2,10272,108,10379,Zika virus,99.4824,Asian,100.0,,
MF574571,2,10272,108,10379,Zika virus,99.4689,Asian,100.0,,
MF574570,2,10272,108,10379,Zika virus,99.5162,Asian,100.0,,
MF574569,2,10272,108,10379,Zika virus,99.4959,Asian,100.0,,
MF574568,2,10272,108,10379,Zika virus,99.4734,Asian,100.0,,
MF574567,2,10272,108,10379,Zika virus,99.4712,Asian,100.0,,
MF574566,2,10272,108,10379,Zika virus,99.5027,Asian,100.0,,
MF574565,2,10272,108,10379,Zika virus,99.4959,Asian,100.0,,
MF574564,2,10272,108,10379,Zika virus,99.4802,Asian,100.0,,
MF574563,2,10272,108,10379,Zika virus,99.4644,Asian,100.0,,
MF574562,2,10272,108,10379,Zika virus,99.4824,Asian,100.0,,
MF574561,2,10272,108,10379,Zika virus,99.4329,Asian,100.0,,
MF574560,2,10272,108,10379,Zika virus,99.4577,Asian,100.0,,
MF574559,2,10272,108,10379,Zika virus,99.4712,Asian,100.0,,
MF574558,2,10272,108,10379,Zika virus,99.4779,Asian,100.0,,
MF574557,2,10272,108,10379,Zika virus,99.5319,Asian,100.0,,
MF574556,2,10272,108,10379,Zika virus,99.4554,Asian,100.0,,
MF574555,2,10272,108,10379,Zika virus,99.4577,Asian,100.0,,
MF574554,2,10272,108,10379,Zika virus,99.5252,Asian,100.0,,
MF574553,2,10272,108,10379,Zika virus,99.5454,Asian,100.0,,
MF574552,2,10272,108,10379,Zika virus,99.5454,Asian,100.0,,
KU179098,2,10272,108,10379,Zika virus,98.5733,Asian,100.0,,
KY962729,2,9063,1302,10376,Zika virus,97.5254,Asian,100.0,,
KY553111,2,10260,108,10379,Zika virus,97.5178,Asian,100.0,,
MF434522,2,10272,108,10379,Zika virus,99.4307,Asian,100.0,,
MF434521,2,10272,108,10379,Zika virus,99.4667,Asian,100.0,,
MF434520,2,10272,108,10379,Zika virus,93.8206,Asian,100.0,,
MF434519,2,10047,237,10154,Zika virus,99.1287,Asian,100.0,,
MF434518,2,10272,108,10379,Zika virus,98.8515,Asian,100.0,,
MF434517,2,10272,108,10379,Zika virus,99.4892,Asian,100.0,,
MF434516,2,10272,108,10379,Zika virus,99.4793,Asian,100.0,,
MF438286,2,10272,108,10379,Zika virus,99.3429,Asian,100.0,,
KY126351,2,10272,108,10379,Zika virus,98.9289,Asian,100.0,,
KY785484,2,10272,108,10379,Zika virus,99.4053,Asian,100.0,,
KY785483,2,8804,393,9196,Zika virus,99.2348,Asian,100.0,,
KY785481,2,9989,108,10096,Zika virus,99.3447,Asian,100.0,,
KY785480,2,10008,372,10379,Zika virus,99.5178,Asian,100.0,,
KY785479,2,10272,108,10379,Zika virus,99.4406,Asian,100.0,,
KY785477,2,9394,375,9768,Zika virus,99.4902,Asian,100.0,,
KY785476,2,10272,108,10379,Zika virus,99.2642,Asian,100.0,,
KY785475,2,10272,108,10379,Zika virus,98.9851,Asian,100.0,,
KY785474,2,10272,108,10379,Zika virus,99.4996,Asian,100.0,,
KY785473,2,10003,108,10110,Zika virus,99.4472,Asian,100.0,,
KY785471,2,10113,108,10220,Zika virus,98.9937,Asian,100.0,,
KY785470,2,10272,108,10379,Zika virus,99.5392,Asian,100.0,,
KY785469,2,10272,108,10379,Zika virus,99.4824,Asian,100.0,,
KY785466,2,10272,108,10379,Zika virus,99.4262,Asian,100.0,,
KY785465,2,10272,108,10379,Zika virus,99.4743,Asian,100.0,,
KY785464,2,10272,108,10379,Zika virus,99.5184,Asian,100.0,,
KY785463,2,10272,108,10379,Zika virus,99.1851,Asian,100.0,,
KY785462,2,10272,108,10379,Zika virus,99.5079,Asian,100.0,,
KY785461,2,10272,108,10379,Zika virus,99.5873,Asian,100.0,,
KY785460,2,9382,393,9774,Zika virus,98.0774,Asian,100.0,,
KY785459,2,10272,108,10379,Zika virus,99.456,Asian,100.0,,
KY785458,2,9990,390,10379,Zika virus,99.6016,Asian,100.0,,
KY785457,2,10272,108,10379,Zika virus,99.5419,Asian,100.0,,
KY785456,2,10272,108,10379,Zika virus,99.0758,Asian,100.0,,
KY785455,2,10272,108,10379,Zika virus,99.5162,Asian,100.0,,
KY785454,2,8514,372,8885,Zika virus,99.3323,Asian,100.0,,
KY785453,2,10272,108,10379,Zika virus,99.4197,Asian,100.0,,
KY785452,2,10272,108,10379,Zika virus,99.4141,Asian,100.0,,
KY785451,2,10272,108,10379,Zika virus,99.4695,Asian,100.0,,
KY785450,2,10272,108,10379,Zika virus,99.5589,Asian,100.0,,
KY785449,2,10272,108,10379,Zika virus,99.3422,Asian,100.0,,
KY785448,2,10272,108,10379,Zika virus,99.2552,Asian,100.0,,
KY785447,2,10272,108,10379,Zika virus,99.3196,Asian,100.0,,
KY785446,2,10008,372,10379,Zika virus,99.5178,Asian,100.0,,
KY785445,2,10272,108,10379,Zika virus,98.987,Asian,100.0,,
KY785444,2,10272,108,10379,Zika virus,99.4043,Asian,100.0,,
KY785443,2,10008,372,10379,Zika virus,99.4396,Asian,100.0,,
KY785442,2,10272,108,10379,Zika virus,99.4037,Asian,100.0,,
KY785441,2,10272,108,10379,Zika virus,99.5679,Asian,100.0,,
KY785439,2,10272,108,10379,Zika virus,98.6373,Asian,100.0,,
KY785438,2,8475,1905,10379,Zika virus,99.5928,Asian,100.0,,
KY785437,2,10272,108,10379,Zika virus,99.6277,Asian,100.0,,
KY785436,2,10008,372,10379,Zika virus,99.0623,Asian,100.0,,
KY785435,2,10272,108,10379,Zika virus,99.6139,Asian,100.0,,
KY785434,2,9377,108,9484,Zika virus,99.2757,Asian,100.0,,
KY785433,2,10272,108,10379,Zika virus,99.4791,Asian,100.0,,
KY785432,2,10272,108,10379,Zika virus,99.2414,Asian,100.0,,
KY785431,2,10008,372,10379,Zika virus,99.5377,Asian,100.0,,
KY785430,2,10272,108,10379,Zika virus,99.2668,Asian,100.0,,
KY785429,2,10272,108,10379,Zika virus,99.5215,Asian,100.0,,
KY785428,2,9708,672,10379,Zika virus,99.5711,Asian,100.0,,
KY785427,2,10272,108,10379,Zika virus,99.3255,Asian,100.0,,
KY785426,2,10272,108,10379,Zika virus,99.4929,Asian,100.0,,
KY785425,2,10008,372,10379,Zika virus,99.2804,Asian,100.0,,
KY785424,2,10272,108,10379,Zika virus,99.1269,Asian,100.0,,
KY785423,2,10272,108,10379,Zika virus,99.158,Asian,100.0,,
KY785420,2,10272,108,10379,Zika virus,99.5589,Asian,100.0,,
KY785419,2,10272,108,10379,Zika virus,96.3414,Asian,100.0,,
KY785418,2,10272,108,10379,Zika virus,99.5274,Asian,100.0,,
KY785417,2,10272,108,10379,Zika virus,99.6075,Asian,100.0,,
KY785416,2,10008,372,10379,Zika virus,99.5494,Asian,100.0,,
KY785415,2,10272,108,10379,Zika virus,98.6881,Asian,100.0,,
KY785414,2,10272,108,10379,Zika virus,99.5825,Asian,100.0,,
KY785413,2,10272,108,10379,Zika virus,99.251,Asian,100.0,,
KY785412,2,10272,108,10379,Zika virus,99.3844,Asian,100.0,,
KY785410,2,10272,108,10379,Zika virus,99.6354,Asian,100.0,,
KY785409,2,8778,108,8885,Zika virus,99.3791,Asian,100.0,,
KY014302,2,10272,108,10379,Zika virus,99.5657,Asian,100.0,,
KY014318,2,10272,108,10379,Zika virus,99.4824,Asian,100.0,,
KY014327,2,10272,108,10379,Zika virus,99.523,Asian,100.0,,
KY014325,2,10272,108,10379,Zika virus,99.5229,Asian,100.0,,
KY014321,2,10272,108,10379,Zika virus,99.5612,Asian,100.0,,
KY014320,2,10272,108,10379,Zika virus,99.5229,Asian,100.0,,
KY014319,2,10272,108,10379,Zika virus,99.3497,Asian,100.0,,
KY014317,2,10272,108,10379,Zika virus,99.6197,Asian,100.0,,
KY014316,2,10272,108,10379,Zika virus,99.5522,Asian,100.0,,
KY014315,2,10272,108,10379,Zika virus,99.5184,Asian,100.0,,
KY014314,2,10272,108,10379,Zika virus,99.5252,Asian,100.0,,
KY014313,2,10272,108,10379,Zika virus,99.6654,Asian,100.0,,
KY014312,2,10272,108,10379,Zika virus,99.5049,Asian,100.0,,
KY014310,2,10272,108,10379,Zika virus,99.5287,Asian,100.0,,
KY014308,2,10272,108,10379,Zika virus,99.6123,Asian,100.0,,
KY014307,2,10272,108,10379,Zika virus,99.6172,Asian,100.0,,
KY014306,2,10272,108,10379,Zika virus,99.3992,Asian,100.0,,
KY014305,2,10272,108,10379,Zika virus,99.4869,Asian,100.0,,
KY014304,2,10272,108,10379,Zika virus,99.604,Asian,100.0,,
KY014303,2,10272,108,10379,Zika virus,99.5657,Asian,100.0,,
KY014301,2,10272,108,10379,Zika virus,99.4623,Asian,100.0,,
KY014300,2,10272,108,10379,Zika virus,99.595,Asian,100.0,,
KY014297,2,10272,108,10379,Zika virus,99.5679,Asian,100.0,,
KY014296,2,10272,108,10379,Zika virus,99.5139,Asian,100.0,,
KY014295,2,10272,108,10379,Zika virus,99.5589,Asian,100.0,,
KY014326,2,10272,108,10379,Zika virus,99.5839,Asian,100.0,,
KY014311,2,9197,108,9304,Zika virus,99.4614,Asian,100.0,,
KY014309,2,9989,108,10096,Zika virus,99.412,Asian,100.0,,
KY014298,2,10272,108,10379,Zika virus,99.3978,Asian,100.0,,
MF352141,2,10272,108,10379,Zika virus,99.5589,Asian,100.0,,
MF167360,2,10272,108,10379,Zika virus,99.4937,Asian,100.0,,
KY817930,2,10272,108,10379,Zika virus,98.5417,Asian,100.0,,
KY559032,2,10272,108,10379,Zika virus,96.2969,Asian,100.0,,
KY558989,2,9997,108,10104,Zika virus,99.7408,Asian,100.0,,
KY606271,2,10212,168,10379,Zika virus,99.5655,Asian,100.0,,
KY348640,2,10272,108,10379,Zika virus,99.4892,Asian,100.0,,
KY317940,2,10272,108,10379,Zika virus,99.5634,Asian,100.0,,
KY317939,2,10272,108,10379,Zika virus,99.5589,Asian,100.0,,
KY317938,2,10272,108,10379,Zika virus,99.5995,Asian,100.0,,
KY317937,2,10272,108,10379,Zika virus,99.5027,Asian,100.0,,
KY317936,2,10272,108,10379,Zika virus,99.5409,Asian,100.0,,
KY325479,2,10272,108,10379,Zika virus,99.5139,Asian,100.0,,
KY325478,2,10194,186,10379,Zika virus,96.5244,Asian,100.0,,
KY325477,2,10272,108,10379,Zika virus,99.0677,Asian,100.0,,
KY325476,2,10272,108,10379,Zika virus,99.4017,Asian,100.0,,
KY325475,2,9981,327,10307,Zika virus,98.2097,Asian,100.0,,
KY325474,2,10155,138,10292,Zika virus,94.6212,Asian,100.0,,
KY325473,2,10272,108,10379,Zika virus,99.4779,Asian,100.0,,
KY325472,2,10272,108,10379,Zika virus,99.5589,Asian,100.0,,
KY325471,2,10272,108,10379,Zika virus,98.3311,Asian,100.0,,
KY325470,2,10064,258,10321,Zika virus,95.2519,Asian,100.0,,
KY325469,2,10272,108,10379,Zika virus,99.5409,Asian,100.0,,
KY325468,2,10272,108,10379,Zika virus,99.5499,Asian,100.0,,
KY325467,2,10272,108,10379,Zika virus,99.4575,Asian,100.0,,
KY325466,2,10272,108,10379,Zika virus,92.4775,Asian,100.0,,
KY325465,2,10272,108,10379,Zika virus,99.5139,Asian,100.0,,
KY325464,2,10272,108,10379,Zika virus,99.4959,Asian,100.0,,
KY075936,2,10272,108,10379,Zika virus,99.4959,Asian,100.0,,
KY075935,2,10272,108,10379,Zika virus,99.4824,Asian,100.0,,
KY075934,2,10272,108,10379,Zika virus,99.5072,Asian,100.0,,
KY075933,2,10272,108,10379,Zika virus,99.4734,Asian,100.0,,
KY075932,2,10272,108,10379,Zika virus,99.4734,Asian,100.0,,
KX842449,2,10272,108,10379,Zika virus,99.5589,Asian,100.0,,
KX922707,2,10272,108,10379,Zika virus,99.5522,Asian,100.0,,
KX922706,2,10272,108,10379,Zika virus,99.5094,Asian,100.0,,
KX922705,2,10272,108,10379,Zika virus,99.4914,Asian,100.0,,
KX922704,2,10272,108,10379,Zika virus,99.5229,Asian,100.0,,
KX922703,2,10272,108,10379,Zika virus,99.5229,Asian,100.0,,
KX832731,2,10272,108,10379,Zika virus,99.5319,Asian,100.0,,
KY415991,2,10272,108,10379,Zika virus,99.5972,Asian,100.0,,
KY415990,2,10272,108,10379,Zika virus,99.6062,Asian,100.0,,
KY415989,2,10272,108,10379,Zika virus,99.5972,Asian,100.0,,
KY415988,2,10272,108,10379,Zika virus,99.5972,Asian,100.0,,
KY415987,2,10272,108,10379,Zika virus,99.6062,Asian,100.0,,
KY415986,2,10272,108,10379,Zika virus,99.6062,Asian,100.0,,
MF098771,2,10272,108,10379,Zika virus,99.4509,Asian,100.0,,
MF098770,2,9542,108,9649,Zika virus,99.3138,Asian,100.0,,
MF098769,2,10272,108,10379,Zika virus,99.5229,Asian,100.0,,
MF098768,2,10272,108,10379,Zika virus,99.5229,Asian,100.0,,
MF098767,2,10036,108,10143,Zika virus,99.5806,Asian,100.0,,
MF098766,2,10272,108,10379,Zika virus,99.5409,Asian,100.0,,
MF098765,2,10010,108,10117,Zika virus,99.5932,Asian,100.0,,
MF098764,2,10010,108,10117,Zika virus,99.5816,Asian,100.0,,
KY559031,2,10272,108,10379,Zika virus,99.0946,Asian,100.0,,
KY559030,2,10019,108,10126,Zika virus,97.2496,Asian,100.0,,
KY559029,2,9418,360,9777,Zika virus,99.1782,Asian,100.0,,
KY559027,2,10272,108,10379,Zika virus,98.2988,Asian,100.0,,
KY559026,2,9996,384,10379,Zika virus,99.3261,Asian,100.0,,
KY559025,2,9996,384,10379,Zika virus,99.4092,Asian,100.0,,
KY559024,2,10272,108,10379,Zika virus,99.2716,Asian,100.0,,
KY559023,2,10272,108,10379,Zika virus,98.9998,Asian,100.0,,
KY559022,2,9648,108,9755,Zika virus,95.1844,Asian,100.0,,
KY559021,2,10272,108,10379,Zika virus,99.056,Asian,100.0,,
KY559020,2,9366,108,9473,Zika virus,99.1795,Asian,100.0,,
KY559019,2,10272,108,10379,Zika virus,99.2448,Asian,100.0,,
KY559018,2,10272,108,10379,Zika virus,98.8879,Asian,100.0,,
KY559017,2,10272,108,10379,Zika virus,99.2934,Asian,100.0,,
KY559016,2,9648,108,9755,Zika virus,99.1908,Asian,100.0,,
KY559015,2,10272,108,10379,Zika virus,99.4149,Asian,100.0,,
KY559014,2,10272,108,10379,Zika virus,94.2913,Asian,100.0,,
KY559013,2,10272,108,10379,Zika virus,99.4959,Asian,100.0,,
KY559012,2,10272,108,10379,Zika virus,96.131,Asian,100.0,,
KY559011,2,10272,108,10379,Zika virus,99.4354,Asian,100.0,,
KY559010,2,10272,108,10379,Zika virus,99.5776,Asian,100.0,,
KY559009,2,10272,108,10379,Zika virus,99.143,Asian,100.0,,
KY559008,2,9648,108,9755,Zika virus,78.9819,Asian,100.0,,
KY559007,2,10272,108,10379,Zika virus,99.3992,Asian,100.0,,
KY559006,2,10272,108,10379,Zika virus,97.1779,Asian,100.0,,
KY559005,2,10272,108,10379,Zika virus,99.2709,Asian,100.0,,
KY559004,2,10272,108,10379,Zika virus,98.014,Asian,100.0,,
KY559003,2,10272,108,10379,Zika virus,99.502,Asian,100.0,,
KY559002,2,8766,108,8873,Zika virus,99.6553,Asian,100.0,,
KY559001,2,10272,108,10379,Zika virus,99.3576,Asian,100.0,,
KY559000,2,9648,108,9755,Zika virus,98.9453,Asian,100.0,,
KY558999,2,10272,108,10379,Zika virus,99.5657,Asian,100.0,,
KY558998,2,9648,108,9755,Zika virus,98.4101,Asian,100.0,,
KY558997,2,9372,384,9755,Zika virus,95.7257,Asian,100.0,,
KY558996,2,9997,108,10104,Zika virus,98.588,Asian,100.0,,
KY558995,2,9997,108,10104,Zika virus,99.4675,Asian,100.0,,
KY558994,2,9648,108,9755,Zika virus,98.2635,Asian,100.0,,
KY558993,2,8766,108,8873,Zika virus,99.1219,Asian,100.0,,
KY558992,2,9366,108,9473,Zika virus,97.5932,Asian,100.0,,
KY558991,2,9090,384,9473,Zika virus,99.4133,Asian,100.0,,
KY558990,2,8766,108,8873,Zika virus,98.9672,Asian,100.0,,
KY241788,2,10272,108,10379,Zika virus,99.5647,Asian,100.0,,
KY241773,2,10272,108,10379,Zika virus,99.0549,Asian,100.0,,
KY241772,2,10272,108,10379,Zika virus,99.1066,Asian,100.0,,
KY241771,2,10272,108,10379,Zika virus,99.1066,Asian,100.0,,
KY241770,2,10272,108,10379,Zika virus,99.1066,Asian,100.0,,
KY241769,2,10272,366,10379,Zika virus,87.5977,Asian,100.0,,
KY241768,2,10272,108,10379,Zika virus,99.1066,Asian,100.0,,
KY241767,2,10272,108,10379,Zika virus,99.0256,Asian,100.0,,
KY241766,2,10272,108,10379,Zika virus,97.3855,Asian,100.0,,
KY241765,2,10272,108,10379,Zika virus,99.1066,Asian,100.0,,
KY241764,2,10272,108,10379,Zika virus,99.1066,Asian,100.0,,
KY241763,2,10272,108,10379,Zika virus,99.1066,Asian,100.0,,
KY241762,2,10272,108,10379,Zika virus,99.1066,Asian,100.0,,
KY241761,2,10272,108,10379,Zika virus,99.1066,Asian,100.0,,
KY241760,2,10272,108,10379,Zika virus,99.1066,Asian,100.0,,
KY241759,2,10272,108,10379,Zika virus,99.0706,Asian,100.0,,
KY241758,2,10272,108,10379,Zika virus,99.1066,Asian,100.0,,
KY241757,2,10272,108,10379,Zika virus,99.1066,Asian,100.0,,
KY241756,2,10272,108,10379,Zika virus,99.1336,Asian,100.0,,
KY241755,2,10272,108,10379,Zika virus,99.1066,Asian,100.0,,
KY241754,2,10272,108,10379,Zika virus,99.0976,Asian,100.0,,
KY241753,2,10272,108,10379,Zika virus,99.1066,Asian,100.0,,
KY241752,2,10272,108,10379,Zika virus,99.1066,Asian,100.0,,
KY241751,2,10272,108,10379,Zika virus,99.0189,Asian,100.0,,
KY241750,2,10272,108,10379,Zika virus,99.1066,Asian,100.0,,
KY241749,2,10272,108,10379,Zika virus,99.0436,Asian,100.0,,
KY241748,2,10272,108,10379,Zika virus,99.1066,Asian,100.0,,
KY241747,2,10272,108,10379,Zika virus,99.1066,Asian,100.0,,
KY241746,2,10272,108,10379,Zika virus,99.1066,Asian,100.0,,
KY241745,2,10272,108,10379,Zika virus,99.1066,Asian,100.0,,
KY241744,2,10272,108,10379,Zika virus,99.0886,Asian,100.0,,
KY241743,2,10272,108,10379,Zika virus,99.1066,Asian,100.0,,
KY241742,2,10272,108,10379,Zika virus,99.1066,Asian,100.0,,
KY241741,2,10272,108,10379,Zika virus,99.1066,Asian,100.0,,
KY241740,2,10272,108,10379,Zika virus,99.0324,Asian,100.0,,
KY241739,2,10272,108,10379,Zika virus,99.1066,Asian,100.0,,
KY241738,2,10272,108,10379,Zika virus,99.0796,Asian,100.0,,
KY241737,2,10272,108,10379,Zika virus,99.1066,Asian,100.0,,
KY241736,2,10272,108,10379,Zika virus,99.0976,Asian,100.0,,
KY241735,2,10272,108,10379,Zika virus,99.1066,Asian,100.0,,
KY241734,2,10272,108,10379,Zika virus,98.8839,Asian,100.0,,
KY241733,2,10272,108,10379,Zika virus,99.0886,Asian,100.0,,
KY241732,2,10272,108,10379,Zika virus,99.1066,Asian,100.0,,
KY241731,2,10272,108,10379,Zika virus,99.1066,Asian,100.0,,
KY241730,2,10272,108,10379,Zika virus,99.0751,Asian,100.0,,
KY241729,2,10272,108,10379,Zika virus,98.9221,Asian,100.0,,
KY241728,2,10272,108,10379,Zika virus,99.1066,Asian,100.0,,
KY241727,2,10272,108,10379,Zika virus,99.0751,Asian,100.0,,
KY241726,2,10272,108,10379,Zika virus,99.0886,Asian,100.0,,
KY241725,2,10272,108,10379,Zika virus,99.0706,Asian,100.0,,
KY241724,2,10272,108,10379,Zika virus,99.1066,Asian,100.0,,
KY241723,2,10272,108,10379,Zika virus,99.1066,Asian,100.0,,
KY241722,2,10272,108,10379,Zika virus,99.0796,Asian,100.0,,
KY241721,2,10272,108,10379,Zika virus,99.0796,Asian,100.0,,
KY241720,2,10272,108,10379,Zika virus,99.0706,Asian,100.0,,
KY241719,2,10272,108,10379,Zika virus,99.1066,Asian,100.0,,
KY241718,2,10272,108,10379,Zika virus,99.1066,Asian,100.0,,
KY241717,2,10272,108,10379,Zika virus,98.9446,Asian,100.0,,
KY241716,2,10272,108,10379,Zika virus,99.0054,Asian,100.0,,
KY241715,2,10272,108,10379,Zika virus,99.1066,Asian,100.0,,
KY241714,2,10272,108,10379,Zika virus,98.9694,Asian,100.0,,
KY241713,2,10272,108,10379,Zika virus,99.0796,Asian,100.0,,
KY241712,2,10272,108,10379,Zika virus,98.6116,Asian,100.0,,
KY241711,2,10272,108,10379,Zika virus,99.1066,Asian,100.0,,
KY241710,2,10272,108,10379,Zika virus,99.1066,Asian,100.0,,
KY241709,2,10272,108,10379,Zika virus,99.1066,Asian,100.0,,
KY241708,2,10272,108,10379,Zika virus,99.1066,Asian,100.0,,
KY241707,2,10272,108,10379,Zika virus,99.0886,Asian,100.0,,
KY241706,2,10272,108,10379,Zika virus,99.0706,Asian,100.0,,
KY241705,2,10272,108,10379,Zika virus,99.1066,Asian,100.0,,
KY241704,2,10272,108,10379,Zika virus,99.0054,Asian,100.0,,
KY241703,2,10272,108,10379,Zika virus,99.1066,Asian,100.0,,
KY241702,2,10272,108,10379,Zika virus,99.1066,Asian,100.0,,
KY241701,2,10272,108,10379,Zika virus,99.1066,Asian,100.0,,
KY241700,2,10272,108,10379,Zika virus,97.8757,Asian,100.0,,
KY241699,2,10272,108,10379,Zika virus,99.1066,Asian,100.0,,
KY241698,2,10272,108,10379,Zika virus,98.9189,Asian,100.0,,
KY241697,2,10272,108,10379,Zika virus,98.2178,Asian,100.0,,
KY241696,2,10272,108,10379,Zika virus,99.0549,Asian,100.0,,
KY241695,2,10272,108,10379,Zika virus,99.1066,Asian,100.0,,
KY241694,2,10272,108,10379,Zika virus,99.0616,Asian,100.0,,
KY241693,2,10272,108,10379,Zika virus,99.0706,Asian,100.0,,
KY241692,2,10272,108,10379,Zika virus,99.0706,Asian,100.0,,
KY241691,2,10272,108,10379,Zika virus,98.8951,Asian,100.0,,
KY241690,2,10272,108,10379,Zika virus,99.0526,Asian,100.0,,
KY241689,2,10272,108,10379,Zika virus,99.0751,Asian,100.0,,
KY241688,2,10272,130,10379,Zika virus,99.062,Asian,100.0,,
KY241687,2,10272,108,10379,Zika virus,99.0976,Asian,100.0,,
KY241686,2,10272,108,10379,Zika virus,99.0616,Asian,100.0,,
KY241685,2,10272,108,10379,Zika virus,99.0886,Asian,100.0,,
KY241684,2,10272,108,10379,Zika virus,99.0886,Asian,100.0,,
KY241683,2,10272,108,10379,Zika virus,99.1066,Asian,100.0,,
KY241682,2,10272,108,10379,Zika virus,99.0706,Asian,100.0,,
KY241681,2,10272,108,10379,Zika virus,99.0886,Asian,100.0,,
KY241680,2,10272,108,10379,Zika virus,98.9784,Asian,100.0,,
KY241679,2,10272,108,10379,Zika virus,99.0976,Asian,100.0,,
KY241678,2,10272,108,10379,Zika virus,99.0706,Asian,100.0,,
KY241677,2,10272,108,10379,Zika virus,99.0886,Asian,100.0,,
KY241676,2,10272,108,10379,Zika virus,99.0886,Asian,100.0,,
KY241675,2,10272,108,10379,Zika virus,99.0886,Asian,100.0,,
KY241674,2,10272,108,10379,Zika virus,98.2331,Asian,100.0,,
KY241673,2,10272,108,10379,Zika virus,99.0391,Asian,100.0,,
KY241671,2,10272,108,10379,Zika virus,98.9334,Asian,100.0,,
MF036115,2,10272,108,10379,Zika virus,99.2687,Asian,100.0,,
KY989971,2,10272,108,10379,Zika virus,99.5477,Asian,100.0,,
KY967711,2,10272,108,10379,Zika virus,99.2687,Asian,100.0,,
KX051562,2,10272,108,10379,Zika virus,98.5868,Asian,100.0,,
KX051561,2,10272,108,10379,Zika virus,98.6633,Asian,100.0,,
KX051560,2,10272,108,10379,Zika virus,98.6656,Asian,100.0,,
KY927808,2,10272,108,10379,Zika virus,99.3204,Asian,100.0,,
KX013000,2,10272,108,10379,Zika virus,99.4284,Asian,100.0,,
KU997667,2,10272,108,10379,Zika virus,99.4104,Asian,100.0,,
KX806557,2,10272,108,10379,Zika virus,99.5139,Asian,100.0,,
KY765327,2,10272,108,10379,Zika virus,99.5679,Asian,100.0,,
KY765326,2,10272,108,10379,Zika virus,99.5882,Asian,100.0,,
KY765325,2,10272,108,10379,Zika virus,99.5679,Asian,100.0,,
KY765324,2,10272,108,10379,Zika virus,99.4509,Asian,100.0,,
KY765323,2,10272,108,10379,Zika virus,99.5477,Asian,100.0,,
KY765322,2,10272,108,10379,Zika virus,99.4622,Asian,100.0,,
KY765321,2,10272,108,10379,Zika virus,99.4622,Asian,100.0,,
KY765320,2,10272,108,10379,Zika virus,99.4329,Asian,100.0,,
KY765318,2,10272,108,10379,Zika virus,99.4622,Asian,100.0,,
KY765317,2,10272,108,10379,Zika virus,99.4622,Asian,100.0,,
KU926309,2,10272,108,10379,Zika virus,99.6085,Asian,100.0,,
KU926310,2,10272,108,10379,Zika virus,99.631,Asian,100.0,,
KY631494,2,10272,108,10379,Zika virus,99.3677,Asian,100.0,,
KY631493,2,10272,108,10379,Zika virus,99.4532,Asian,100.0,,
KY693680,2,10272,108,10379,Zika virus,99.3564,Asian,100.0,,
KY693679,2,10272,108,10379,Zika virus,99.4599,Asian,100.0,,
KY693678,2,10272,108,10379,Zika virus,99.5094,Asian,100.0,,
KY693677,2,10272,108,10379,Zika virus,99.5342,Asian,100.0,,
KY693676,2,10272,108,10379,Zika virus,99.3294,Asian,100.0,,
KX830930,2,10272,108,10379,Zika virus,99.6512,Asian,100.0,,
KY631492,2,10272,108,10379,Zika virus,99.5657,Asian,100.0,,
KX827268,2,10272,108,10379,Zika virus,99.4712,Asian,100.0,,
KY606274,2,10272,108,10379,Zika virus,98.9802,Asian,100.0,,
KY606273,2,10272,108,10379,Zika virus,99.5004,Asian,100.0,,
KY606272,2,10272,108,10379,Zika virus,99.5297,Asian,100.0,,
KY328289,2,10272,108,10379,Zika virus,99.5589,Asian,100.0,,
KX421195,2,10272,108,10379,Zika virus,99.5679,Asian,100.0,,
KX421194,2,10272,108,10379,Zika virus,99.5679,Asian,100.0,,
KY120349,2,10272,108,10379,Zika virus,99.1021,Asian,100.0,,
KY120348,2,10272,108,10379,Zika virus,99.5117,Asian,100.0,,
KX197192,2,10272,108,10379,Zika virus,99.5634,Asian,100.0,,
KY272991,2,10272,108,10379,Zika virus,99.5837,Asian,100.0,,
KU761561,2,10272,108,10379,Zika virus,99.4667,Asian,100.0,,
KU761560,2,10272,108,10379,Zika virus,99.3834,Asian,100.0,,
KY328290,2,10272,108,10379,Zika virus,98.6633,Asian,100.0,,
KY272987,2,10272,108,10379,Zika virus,98.4271,Asian,100.0,,
KX694534,2,10272,108,10379,Zika virus,99.5229,Asian,100.0,,
KX694532,2,10272,108,10379,Zika virus,98.6926,Asian,100.0,,
KX198135,2,10272,108,10379,Zika virus,99.5814,Asian,100.0,,
KX156776,2,10272,108,10379,Zika virus,99.5904,Asian,100.0,,
KX156775,2,10272,108,10379,Zika virus,99.5342,Asian,100.0,,
KX156774,2,10272,108,10379,Zika virus,99.5432,Asian,100.0,,
KX087102,2,10272,108,10379,Zika virus,99.5454,Asian,100.0,,
KX087101,2,10272,108,10379,Zika virus,99.5342,Asian,100.0,,
KU963574,1,10254,108,10379,Zika virus,88.0171,African,100.0,,
KX269878,2,10272,108,10379,Zika virus,99.6287,Asian,100.0,,
KY003154,2,10272,108,10379,Zika virus,99.4644,Asian,100.0,,
KY003153,2,10272,108,10379,Zika virus,99.5049,Asian,100.0,,
KR872956,2,10278,102,10379,Zika virus,99.6131,Asian,100.0,,
LC190723,2,10272,108,10379,Zika virus,99.5882,Asian,100.0,,
KU820897,2,10272,108,10379,Zika virus,99.5454,Asian,100.0,,
KX101067,2,10209,171,10379,Zika virus,99.4334,Asian,100.0,,
KX101066,2,10272,108,10379,Zika virus,98.8118,Asian,100.0,,
KX101065,2,9872,381,10252,Zika virus,99.0362,Asian,100.0,,
KX101064,2,9999,381,10379,Zika virus,98.4182,Asian,100.0,,
KX101063,2,10103,264,10366,Zika virus,98.7203,Asian,100.0,,
KX101062,2,9999,381,10379,Zika virus,98.3878,Asian,100.0,,
KX101061,2,10209,171,10379,Zika virus,99.2942,Asian,100.0,,
KX101060,2,10032,348,10379,Zika virus,98.9527,Asian,100.0,,
KU940228,2,10272,108,10379,Zika virus,99.5364,Asian,100.0,,
KU940227,2,10251,129,10379,Zika virus,99.0891,Asian,100.0,,
KU940224,2,10224,156,10379,Zika virus,99.4598,Asian,100.0,,
KU527068,2,10272,108,10379,Zika virus,100.0,Asian,100.0,,
KX827309,2,10272,108,10379,Zika virus,99.0976,Asian,100.0,,
KX197205,2,10272,108,10379,Zika virus,99.6512,Asian,100.0,,
KX813683,2,10272,108,10379,Zika virus,99.0526,Asian,100.0,,
KJ776791,2,10272,108,10379,Zika virus,99.6782,Asian,100.0,,
KX766029,2,10272,108,10379,Zika virus,99.4712,Asian,100.0,,
KX766028,2,10272,108,10379,Zika virus,99.5027,Asian,100.0,,
KX520666,2,10272,108,10379,Zika virus,99.4824,Asian,100.0,,
KX266255,2,10272,108,10379,Zika virus,99.3452,Asian,100.0,,
KX601168,2,10272,108,10379,Zika virus,99.5342,Asian,100.0,,
KX548902,2,10272,108,10379,Zika virus,99.4037,Asian,100.0,,
KU707826,2,10272,108,10379,Zika virus,99.6535,Asian,100.0,,
KX369547,2,10272,108,10379,Zika virus,99.6962,Asian,100.0,,
KX377337,2,10272,108,10379,Zika virus,99.4914,Asian,100.0,,
KU866423,2,10272,108,10379,Zika virus,99.4104,Asian,100.0,,
KU647676,2,10272,108,10379,Zika virus,99.5589,Asian,100.0,,
KU758877,2,10272,108,10379,Zika virus,99.6017,Asian,100.0,,
KU955593,2,10272,108,10379,Zika virus,98.2425,Asian,100.0,,
KU681082,2,10272,108,10379,Zika virus,97.5404,Asian,100.0,,
KU681081,2,10272,108,10379,Zika virus,98.9131,Asian,100.0,,
KX262887,2,10272,108,10379,Zika virus,99.595,Asian,100.0,,
KX253996,2,10272,108,10379,Zika virus,99.4194,Asian,100.0,,
KX247646,2,10272,108,10379,Zika virus,99.5724,Asian,100.0,,
KX185891,2,10272,108,10379,Zika virus,99.4284,Asian,100.0,,
KU937936,2,10272,108,10379,Zika virus,99.5522,Asian,100.0,,
KU744693,2,10272,108,10379,Zika virus,98.6791,Asian,100.0,,
KX117076,2,10272,108,10379,Zika virus,99.4464,Asian,100.0,,
KU509998,2,10272,108,10379,Zika virus,99.6422,Asian,100.0,,
KX056898,2,10272,108,10379,Zika virus,99.5027,Asian,100.0,,
KU955590,2,10272,108,10379,Zika virus,99.5027,Asian,100.0,,
KU955589,2,10272,108,10379,Zika virus,99.4194,Asian,100.0,,
KU963796,2,10272,108,10379,Zika virus,99.4284,Asian,100.0,,
KU321639,2,10272,108,10379,Zika virus,99.613,Asian,100.0,,
KU991811,2,10272,108,10379,Zika virus,99.6557,Asian,100.0,,
KU870645,2,10272,108,10379,Zika virus,99.4554,Asian,100.0,,
KU922960,2,10272,108,10379,Zika virus,99.4577,Asian,100.0,,
KU922923,2,10272,108,10379,Zika virus,99.4172,Asian,100.0,,
KU820898,2,10272,108,10379,Zika virus,99.4937,Asian,100.0,,
KU740184,2,10272,108,10379,Zika virus,99.4937,Asian,100.0,,
KU820899,2,10272,108,10379,Zika virus,99.4194,Asian,100.0,,
KU853013,2,10272,108,10379,Zika virus,99.5972,Asian,100.0,,
KU853012,2,10272,108,10379,Zika virus,99.5409,Asian,100.0,,
KU729217,2,10272,108,10379,Zika virus,99.5837,Asian,100.0,,
KU761564,2,10272,108,10379,Zika virus,99.4937,Asian,100.0,,
KU497555,2,10272,108,10379,Zika virus,99.5702,Asian,100.0,,
KU501217,2,10272,108,10379,Zika virus,99.5679,Asian,100.0,,
KU501216,2,10272,108,10379,Zika virus,99.5589,Asian,100.0,,
KU501215,2,10272,108,10379,Zika virus,99.5522,Asian,100.0,,
KU365780,2,10272,108,10379,Zika virus,99.6107,Asian,100.0,,
KU365779,2,10272,108,10379,Zika virus,99.6535,Asian,100.0,,
KU365778,2,10272,108,10379,Zika virus,99.5904,Asian,100.0,,
KU365777,2,10272,108,10379,Zika virus,99.6017,Asian,100.0,,
KU312312,2,10272,108,10379,Zika virus,99.5679,Asian,100.0,,
KF993678,2,10141,219,10359,Zika virus,98.6857,Asian,100.0,,
JN860885,2,10269,108,10376,Zika virus,98.204,Asian,100.0,,
HQ234500,1,10251,108,10376,Zika virus,88.0242,African,100.0,,
EU545988,2,10272,108,10379,Zika virus,97.5337,Asian,100.0,,
